Seqno,metadata.requestContext.txId,Status
194212,b6a62d8a-dff4-425c-92cf-6e02ce31e18a,Completed
194185,7c4feae2-2fcc-4236-bd9b-d01b3a1b72ee,Completed
280238,b2c98ab1-e09e-4642-8f9a-482f9aa8fd31,Safe to fail
280261,74a707cf-a93a-4dd5-b243-4dd8d2f62920,Completed
194185,67a6354e-6a16-45de-ac32-9473c46b2bc3,Safe to fail
194212,9b13f109-7223-43d7-b960-b33bd1d7baa2,Safe to fail
280238,a610459f-9253-446f-b490-92982a854302,Completed
280319,4f74dcf9-29ea-4c27-8159-ad9ffd3ddab1,Safe to fail
280246,a0ad176d-5ebd-440d-aca4-08096f8e1e31,Completed
280319,b96e8f19-da89-49d4-832e-6692f2fd0046,Completed
280233,2a3a273d-cba2-46fe-b352-4f56dac34179,Safe to fail
280246,fcfa4061-ceed-4a4b-8f55-cb4b23e390ca,Safe to fail
194185,ea251b5c-9358-449a-88fc-a5d2ef811d3f,Safe to fail
280233,48d864e1-28c4-43b5-9be2-bf73677d15c0,Completed
280261,30e163c1-2e75-4b9b-ab82-fdfba86c0680,Safe to fail
280217,cd829c1b-847f-4284-82cd-802eb5b21dd4,Completed
280217,ae81f047-d1eb-460c-99c3-af2afb21b37f,Safe to fail
